Workbook

Sheet ИТОГ
B2: ФОСНИТАЦИД — ПОТРЕБНОСТЬ НА ОДНУ МОЙКУ
B3: 10 площадок, 122 корпуса. Норма мойки 0,5 л/м², раствор 10 %, канистра 23 л.
B5: Всего корпусов | D5: Общая площадь, м² | F5: Нужно Фоснитацида, л
B6: ='По корпусам'!$C$127 -> 122 | D6: ='По корпусам'!$D$127 -> 177729.16 | F6: ='По корпусам'!$F$127 -> 8886.458
B8: НУЖНО КАНИСТР | D8: Выдаётся сейчас, канистр | F8: НЕ ХВАТАЕТ, канистр
B9: ='По корпусам'!$G$127 -> 453 | D9: ='По корпусам'!$H$127 -> 122 | F9: ='По корпусам'!$I$127 -> 331
B11: ПО ПЛОЩАДКАМ
B12: Площадка | C12: Корпусов | D12: Площадь, м² | E12: Раствор, л | F12: Фоснитацид, л | G12: НУЖНО канистр | H12: Сейчас, канистр | I12: Не хватает, канистр
B13: Г | C13: =COUNTIF('По корпусам'!$A$5:$A$126,$B13) -> 20 | D13: =SUMIF('По корпусам'!$A$5:$A$126,$B13,'По корпусам'!$D$5:$D$126) -> 29891.96 | E13: =D13*'Параметры'!$C$9*'Параметры'!$C$10 -> 14945.98 | F13: =E13*'Параметры'!$C$8/100 -> 1494.598 | G13: =SUMIF('По корпусам'!$A$5:$A$126,$B13,'По корпусам'!$G$5:$G$126) -> 80 | H13: =SUMIF('По корпусам'!$A$5:$A$126,$B13,'По корпусам'!$H$5:$H$126) -> 20 | I13: =G13-H13 -> 60
B14: Д | C14: =COUNTIF('По корпусам'!$A$5:$A$126,$B14) -> 16 | D14: =SUMIF('По корпусам'!$A$5:$A$126,$B14,'По корпусам'!$D$5:$D$126) -> 24458.3 | E14: =D14*'Параметры'!$C$9*'Параметры'!$C$10 -> 12229.15 | F14: =E14*'Параметры'!$C$8/100 -> 1222.915 | G14: =SUMIF('По корпусам'!$A$5:$A$126,$B14,'По корпусам'!$G$5:$G$126) -> 64 | H14: =SUMIF('По корпусам'!$A$5:$A$126,$B14,'По корпусам'!$H$5:$H$126) -> 16 | I14: =G14-H14 -> 48
B15: БП-14 | C15: =COUNTIF('По корпусам'!$A$5:$A$126,$B15) -> 12 | D15: =SUMIF('По корпусам'!$A$5:$A$126,$B15,'По корпусам'!$D$5:$D$126) -> 20040 | E15: =D15*'Параметры'!$C$9*'Параметры'!$C$10 -> 10020 | F15: =E15*'Параметры'!$C$8/100 -> 1002 | G15: =SUMIF('По корпусам'!$A$5:$A$126,$B15,'По корпусам'!$G$5:$G$126) -> 48 | H15: =SUMIF('По корпусам'!$A$5:$A$126,$B15,'По корпусам'!$H$5:$H$126) -> 12 | I15: =G15-H15 -> 36
B16: А | C16: =COUNTIF('По корпусам'!$A$5:$A$126,$B16) -> 10 | D16: =SUMIF('По корпусам'!$A$5:$A$126,$B16,'По корпусам'!$D$5:$D$126) -> 10867.8 | E16: =D16*'Параметры'!$C$9*'Параметры'!$C$10 -> 5433.9 | F16: =E16*'Параметры'!$C$8/100 -> 543.39 | G16: =SUMIF('По корпусам'!$A$5:$A$126,$B16,'По корпусам'!$G$5:$G$126) -> 30 | H16: =SUMIF('По корпусам'!$A$5:$A$126,$B16,'По корпусам'!$H$5:$H$126) -> 10 | I16: =G16-H16 -> 20
B17: Б | C17: =COUNTIF('По корпусам'!$A$5:$A$126,$B17) -> 10 | D17: =SUMIF('По корпусам'!$A$5:$A$126,$B17,'По корпусам'!$D$5:$D$126) -> 11217.9 | E17: =D17*'Параметры'!$C$9*'Параметры'!$C$10 -> 5608.95 | F17: =E17*'Параметры'!$C$8/100 -> 560.895 | G17: =SUMIF('По корпусам'!$A$5:$A$126,$B17,'По корпусам'!$G$5:$G$126) -> 30 | H17: =SUMIF('По корпусам'!$A$5:$A$126,$B17,'По корпусам'!$H$5:$H$126) -> 10 | I17: =G17-H17 -> 20
B18: Е | C18: =COUNTIF('По корпусам'!$A$5:$A$126,$B18) -> 10 | D18: =SUMIF('По корпусам'!$A$5:$A$126,$B18,'По корпусам'!$D$5:$D$126) -> 10928.3 | E18: =D18*'Параметры'!$C$9*'Параметры'!$C$10 -> 5464.15 | F18: =E18*'Параметры'!$C$8/100 -> 546.415 | G18: =SUMIF('По корпусам'!$A$5:$A$126,$B18,'По корпусам'!$G$5:$G$126) -> 30 | H18: =SUMIF('По корпусам'!$A$5:$A$126,$B18,'По корпусам'!$H$5:$H$126) -> 10 | I18: =G18-H18 -> 20
B19: Ж | C19: =COUNTIF('По корпусам'!$A$5:$A$126,$B19) -> 5 | D19: =SUMIF('По корпусам'!$A$5:$A$126,$B19,'По корпусам'!$D$5:$D$126) -> 5614.9 | E19: =D19*'Параметры'!$C$9*'Параметры'!$C$10 -> 2807.45 | F19: =E19*'Параметры'!$C$8/100 -> 280.745 | G19: =SUMIF('По корпусам'!$A$5:$A$126,$B19,'По корпусам'!$G$5:$G$126) -> 15 | H19: =SUMIF('По корпусам'!$A$5:$A$126,$B19,'По корпусам'!$H$5:$H$126) -> 5 | I19: =G19-H19 -> 10
B20: БП-13 | C20: =COUNTIF('По корпусам'!$A$5:$A$126,$B20) -> 12 | D20: =SUMIF('По корпусам'!$A$5:$A$126,$B20,'По корпусам'!$D$5:$D$126) -> 20040 | E20: =D20*'Параметры'!$C$9*'Параметры'!$C$10 -> 10020 | F20: =E20*'Параметры'!$C$8/100 -> 1002 | G20: =SUMIF('По корпусам'!$A$5:$A$126,$B20,'По корпусам'!$G$5:$G$126) -> 48 | H20: =SUMIF('По корпусам'!$A$5:$A$126,$B20,'По корпусам'!$H$5:$H$126) -> 12 | I20: =G20-H20 -> 36
B21: В | C21: =COUNTIF('По корпусам'!$A$5:$A$126,$B21) -> 15 | D21: =SUMIF('По корпусам'!$A$5:$A$126,$B21,'По корпусам'!$D$5:$D$126) -> 24630 | E21: =D21*'Параметры'!$C$9*'Параметры'!$C$10 -> 12315 | F21: =E21*'Параметры'!$C$8/100 -> 1231.5 | G21: =SUMIF('По корпусам'!$A$5:$A$126,$B21,'По корпусам'!$G$5:$G$126) -> 60 | H21: =SUMIF('По корпусам'!$A$5:$A$126,$B21,'По корпусам'!$H$5:$H$126) -> 15 | I21: =G21-H21 -> 45
B22: БП-12 | C22: =COUNTIF('По корпусам'!$A$5:$A$126,$B22) -> 12 | D22: =SUMIF('По корпусам'!$A$5:$A$126,$B22,'По корпусам'!$D$5:$D$126) -> 20040 | E22: =D22*'Параметры'!$C$9*'Параметры'!$C$10 -> 10020 | F22: =E22*'Параметры'!$C$8/100 -> 1002 | G22: =SUMIF('По корпусам'!$A$5:$A$126,$B22,'По корпусам'!$G$5:$G$126) -> 48 | H22: =SUMIF('По корпусам'!$A$5:$A$126,$B22,'По корпусам'!$H$5:$H$126) -> 12 | I22: =G22-H22 -> 36
B23: ИТОГО | C23: =SUM(C13:C22) -> 122 | D23: =SUM(D13:D22) -> 177729.16 | E23: =SUM(E13:E22) -> 88864.58 | F23: =SUM(F13:F22) -> 8886.458 | G23: =SUM(G13:G22) -> 453 | H23: =SUM(H13:H22) -> 122 | I23: =G23-H23 -> 331
B25: НА ОДИН КОРПУС
B26: Площадки | C26: Площадь корпуса, м² | D26: Фоснитацид на корпус, л | E26: Канистр на корпус
B27: Г, Д, В, БП-12, БП-13, БП-14 | D27: 73 – 84 | E27: 4
B28: А, Б, Е, Ж | D28: 53 – 58 | E28: 3
B30: Порог — 1 380 м²: корпуса больше этой площади требуют 4 канистры, меньше — 3. Канистры округляются вверх, дробную канистру выдать нельзя.

Sheet По корпусам
A1: РАСЧЕТ ПО КАЖДОМУ КОРПУСУ
A2: Сколько Фоснитацида нужно на один корпус при мойке
A4: Пло­щадка | B4: Уча­сток | C4: № корпуса | D4: Площадь, м² | E4: Раствор (вода + средство), л | F4: Фоснитацид, л | G4: НУЖНО канистр | H4: Выдаётся сейчас, канистр | I4: Не хватает, канистр
A5: Г | B5: №3 | C5: 1-4 | D5: 1458.72 | E5: =D5*'Параметры'!$C$9*'Параметры'!$C$10 -> 729.36 | F5: =E5*'Параметры'!$C$8/100 -> 72.936 | G5: =ROUNDUP(F5/'Параметры'!$C$11,0) -> 4 | H5: ='Параметры'!$C$12 -> 1 | I5: =G5-H5 -> 3
A6: Г | B6: №3 | C6: 1-3 | D6: 1458.72 | E6: =D6*'Параметры'!$C$9*'Параметры'!$C$10 -> 729.36 | F6: =E6*'Параметры'!$C$8/100 -> 72.936 | G6: =ROUNDUP(F6/'Параметры'!$C$11,0) -> 4 | H6: ='Параметры'!$C$12 -> 1 | I6: =G6-H6 -> 3
A7: Г | B7: №3 | C7: 1-2 | D7: 1458.72 | E7: =D7*'Параметры'!$C$9*'Параметры'!$C$10 -> 729.36 | F7: =E7*'Параметры'!$C$8/100 -> 72.936 | G7: =ROUNDUP(F7/'Параметры'!$C$11,0) -> 4 | H7: ='Параметры'!$C$12 -> 1 | I7: =G7-H7 -> 3
A8: Г | B8: №3 | C8: 1-1 | D8: 1483.54 | E8: =D8*'Параметры'!$C$9*'Параметры'!$C$10 -> 741.77 | F8: =E8*'Параметры'!$C$8/100 -> 74.177 | G8: =ROUNDUP(F8/'Параметры'!$C$11,0) -> 4 | H8: ='Параметры'!$C$12 -> 1 | I8: =G8-H8 -> 3
A9: Г | B9: №3 | C9: 2-4 | D9: 1486.31 | E9: =D9*'Параметры'!$C$9*'Параметры'!$C$10 -> 743.155 | F9: =E9*'Параметры'!$C$8/100 -> 74.3155 | G9: =ROUNDUP(F9/'Параметры'!$C$11,0) -> 4 | H9: ='Параметры'!$C$12 -> 1 | I9: =G9-H9 -> 3
A10: Г | B10: №3 | C10: 2-3 | D10: 1486.31 | E10: =D10*'Параметры'!$C$9*'Параметры'!$C$10 -> 743.155 | F10: =E10*'Параметры'!$C$8/100 -> 74.3155 | G10: =ROUNDUP(F10/'Параметры'!$C$11,0) -> 4 | H10: ='Параметры'!$C$12 -> 1 | I10: =G10-H10 -> 3
A11: Г | B11: №3 | C11: 2-2 | D11: 1486.31 | E11: =D11*'Параметры'!$C$9*'Параметры'!$C$10 -> 743.155 | F11: =E11*'Параметры'!$C$8/100 -> 74.3155 | G11: =ROUNDUP(F11/'Параметры'!$C$11,0) -> 4 | H11: ='Параметры'!$C$12 -> 1 | I11: =G11-H11 -> 3
A12: Г | B12: №3 | C12: 2-1 | D12: 1483.54 | E12: =D12*'Параметры'!$C$9*'Параметры'!$C$10 -> 741.77 | F12: =E12*'Параметры'!$C$8/100 -> 74.177 | G12: =ROUNDUP(F12/'Параметры'!$C$11,0) -> 4 | H12: ='Параметры'!$C$12 -> 1 | I12: =G12-H12 -> 3
A13: Г | B13: №3 | C13: 3-4 | D13: 1488.26 | E13: =D13*'Параметры'!$C$9*'Параметры'!$C$10 -> 744.13 | F13: =E13*'Параметры'!$C$8/100 -> 74.413 | G13: =ROUNDUP(F13/'Параметры'!$C$11,0) -> 4 | H13: ='Параметры'!$C$12 -> 1 | I13: =G13-H13 -> 3
A14: Г | B14: №3 | C14: 3-3 | D14: 1488.26 | E14: =D14*'Параметры'!$C$9*'Параметры'!$C$10 -> 744.13 | F14: =E14*'Параметры'!$C$8/100 -> 74.413 | G14: =ROUNDUP(F14/'Параметры'!$C$11,0) -> 4 | H14: ='Параметры'!$C$12 -> 1 | I14: =G14-H14 -> 3
A15: Г | B15: №3 | C15: 3-2 | D15: 1488.26 | E15: =D15*'Параметры'!$C$9*'Параметры'!$C$10 -> 744.13 | F15: =E15*'Параметры'!$C$8/100 -> 74.413 | G15: =ROUNDUP(F15/'Параметры'!$C$11,0) -> 4 | H15: ='Параметры'!$C$12 -> 1 | I15: =G15-H15 -> 3
A16: Г | B16: №3 | C16: 3-1 | D16: 1498.53 | E16: =D16*'Параметры'!$C$9*'Параметры'!$C$10 -> 749.265 | F16: =E16*'Параметры'!$C$8/100 -> 74.9265 | G16: =ROUNDUP(F16/'Параметры'!$C$11,0) -> 4 | H16: ='Параметры'!$C$12 -> 1 | I16: =G16-H16 -> 3
... A126: БП-14 | B126: №14 | C126: 12 | D126: 1670 | E126: =D126*'Параметры'!$C$9*'Параметры'!$C$10 -> 835 | F126: =E126*'Параметры'!$C$8/100 -> 83.5 | G126: =ROUNDUP(F126/'Параметры'!$C$11,0) -> 4 | H126: ='Параметры'!$C$12 -> 1 | I126: =G126-H126 -> 3
A127: ИТОГО | C127: =COUNTA(C5:C126) -> 122 | D127: =SUM(D5:D126) -> 177729.16 | E127: =SUM(E5:E126) -> 88864.58 | F127: =SUM(F5:F126) -> 8886.458 | G127: =SUM(G5:G126) -> 453 | H127: =SUM(H5:H126) -> 122 | I127: =G127-H127 -> 331
A129: Площадь каждого корпуса взята из ведомости заказчика. Столбцы «Раствор», «Фоснитацид», «НУЖНО канистр» считаются формулами от листа «Параметры».

Sheet Параметры
B2: ПАРАМЕТРЫ РАСЧЕТА
B3: Меняйте только жёлтые ячейки — весь файл пересчитается сам.
B5: Параметр | C5: Значение | D5: Пояснение
B6: Дезсредство | C6: Фоснитацид | D6: Наименование по заданию.
B7: Способ обработки | C7: Мойка (влажная дезинфекция) | D7: Подтверждено заказчиком.
B8: Концентрация раствора, % | C8: 10 | D8: 10-процентный рабочий раствор.
B9: Норма расхода раствора, л/м² | C9: 0.5 | D9: Типовая норма мойки по гладким поверхностям. Для шероховатого бетона и кирпича — 1,0 л/м². См. лист «Сценарии».
B10: Кратность обработки | C10: 1 | D10: 1 = один раз за санразрыв.
B11: Объём канистры, л | C11: 23 | D11: 1 канистра = 23 л концентрата.
B12: Выдаётся сейчас на корпус, канистр | C12: 1 | D12: Действующая практика — 1 канистра на любой корпус.
B15: КАК СЧИТАЕТСЯ (пример: корпус 1 680 м²)
B16: Шаг 1. Раствор: 1 680 м² × 0,5 л/м² = 840 л раствора
B17: Шаг 2. Фоснитацид: 840 л × 10 % = 84 л (+ 756 л воды)
B18: Шаг 3. Канистры: 84 л ÷ 23 л = 3,65 → 4 канистры (округление вверх)

Sheet Сценарии
B2: СЦЕНАРИИ НОРМ РАСХОДА
B3: Способ обработки — мойка. Рабочий диапазон норм 0,3–1,0 л/м².
B5: Норма, л/м² | C5: Раствор всего, л | D5: Фоснитацид всего, л | E5: НУЖНО канистр | F5: Сейчас, канистр | G5: Комментарий
B6: 0.15 | C6: ='По корпусам'!$D$127*B6*'Параметры'!$C$10 -> 26659.374 | D6: =C6*'Параметры'!$C$8/100 -> 2665.9374 | E6: =SUMPRODUCT(ROUNDUP('По корпусам'!$D$5:$D$126*$B6*'Параметры'!$C$10*'Параметры'!$C$8/100/'Параметры'!$C$11,0)) -> 177 | F6: ='По корпусам'!$C$127*'Параметры'!$C$12 -> 122 | G6: Соответствует текущей выдаче 1 канистры. Аэрозольный режим — НЕ ваш случай
B7: 0.3 | C7: ='По корпусам'!$D$127*B7*'Параметры'!$C$10 -> 53318.748 | D7: =C7*'Параметры'!$C$8/100 -> 5331.8748 | E7: =SUMPRODUCT(ROUNDUP('По корпусам'!$D$5:$D$126*$B7*'Параметры'!$C$10*'Параметры'!$C$8/100/'Параметры'!$C$11,0)) -> 299 | F7: ='По корпусам'!$C$127*'Параметры'!$C$12 -> 122 | G7: Мойка, минимальный режим
B8: 0.5 | C8: ='По корпусам'!$D$127*B8*'Параметры'!$C$10 -> 88864.58 | D8: =C8*'Параметры'!$C$8/100 -> 8886.458 | E8: =SUMPRODUCT(ROUNDUP('По корпусам'!$D$5:$D$126*$B8*'Параметры'!$C$10*'Параметры'!$C$8/100/'Параметры'!$C$11,0)) -> 453 | F8: ='По корпусам'!$C$127*'Параметры'!$C$12 -> 122 | G8: МОЙКА, гладкие поверхности — ПРИНЯТО В РАСЧЁТЕ
B9: 0.75 | C9: ='По корпусам'!$D$127*B9*'Параметры'!$C$10 -> 133296.87 | D9: =C9*'Параметры'!$C$8/100 -> 13329.687 | E9: =SUMPRODUCT(ROUNDUP('По корпусам'!$D$5:$D$126*$B9*'Параметры'!$C$10*'Параметры'!$C$8/100/'Параметры'!$C$11,0)) -> 630 | F9: ='По корпусам'!$C$127*'Параметры'!$C$12 -> 122 | G9: Мойка, промежуточный режим
B10: 1 | C10: ='По корпусам'!$D$127*B10*'Параметры'!$C$10 -> 177729.16 | D10: =C10*'Параметры'!$C$8/100 -> 17772.916 | E10: =SUMPRODUCT(ROUNDUP('По корпусам'!$D$5:$D$126*$B10*'Параметры'!$C$10*'Параметры'!$C$8/100/'Параметры'!$C$11,0)) -> 836 | F10: ='По корпусам'!$C$127*'Параметры'!$C$12 -> 122 | G10: Мойка шероховатых поверхностей (бетон, кирпич)
B12: Текущая выдача 23 л на корпус соответствует норме всего 0,158 л/м² — это втрое ниже минимального режима мойки. Если поверхности шероховатые (бетон, кирпич), норма по инструкции может быть 1,0 л/м².
